nama,kota_id,kontak
"Adikara Uwais, S.Pt",7371,+62-583-027-7146
"Dian Safitri, S.Farm",1371,+62-055-115-9526
Karna Prasasta,3573,(025) 353 0189
Dian Januar,6471,+62 (0990) 644 0672
Jindra Wulandari,3171,(016) 014-6332
"Muni Hutasoit, M.M.",1371,(0088) 947 2775
Wani Lazuardi,3174,+62 (022) 171 4592
Almira Firmansyah,3578,(006) 379-4235
Pia Yolanda,3471,+62 (0400) 026-1770
"Hj. Paris Haryanti, S.E.",6471,086 067 9202
Irma Uyainah,6472,+62 (413) 690 0842
dr. Hendri Lazuardi,1371,(071) 940 9317
Banawa Wacana,3573,+62 (0274) 392-1384
"KH. Cengkal Wulandari, S.Psi",3573,(033) 877 9134
"KH. Anom Sihotang, S.E.I",3172,+62-060-524-3678
Karimah Jailani,6471,(000) 679 1992
H. Aswani Pratiwi,3578,+62 (012) 784-8025
Juli Sitompul,5171,(023) 746-9607
"Ir. Farah Agustina, S.E.I",6471,+62 (063) 101-3484
Prasetya Andriani,6472,+62-079-050-0532
